Hirschsprung disease inheritance is generally consistent with sex-modified multifactorial inheritance. Mutations in certain genes can also result in dominant or recessive inheritance patterns. Therefore, Hirschsprung disease can be a multifactorial disorder.
Insufficient evidence in retrieved documents.
yes
yes
yes
no
miR-132 | miR-26a | let-7b | miR-145 | miR-152 | miR-148a | microRNA-21
Pyridostigmine bromide | Pyridostigmine | Neostigmine
yes
Dvl-1
Bazex syndrome | Acrokeratosis neoplastica Bazex | Paraneoplastic palmoplantar hyperkeratosis
Class I | Class II | Class III | Class IV
Insufficient evidence in retrieved documents.
Arrested cell-cycle progression | Development of aberrant gene expression with proinflammatory behavior
Castration-resistant prostate cancer | Prostate cancer
yes
Oct4 | Sox2 | Klf4 | c-Myc | Oct3/4 (Pou5f1)
The Chromosome-centric Human Proteome Project (C-HPP) aims to systematically map the entire human proteome and create an annotated proteomic catalog for each chromosome. This international effort seeks to enhance our understanding of human biology at the cellular level and make progress in understanding human health and disease. The project follows a chromosome-centric strategy to map the proteins encoded by the human genome.
Plasma membrane | ATP release channel | Membrane protein
Alpers syndrome | Progressive external ophthalmoplegia | Ataxia-neuropathy syndromes
Ivabradine improves left ventricular function in heart failure and reduces remodeling following myocardial infarction. It also improves prognosis in patients with heart failure and left ventricular dysfunction.
Autosomal recessive inheritance | Autosomal recessive
yes
Autosomal dominant | Autosomal dominant inheritance | Autosomal-dominant
yes
Calsequestrin | Ryanodine receptor calcium release channel | Triadin | Junctin
Hydrophilic Interaction Chromatography
TRH exerts a positive inotropic effect on cardiac contractility. It increases the contractile force of muscles dose-dependently, at least partly due to an increase in the slow inward Ca2+ current.
yes
Four-helix bundle | Conserved bromodomain structural fold | Left-handed, four-helix bundle topology
ileo-colonic lymphoid nodular hyperplasia (LNH) | mild acute and chronic inflammation of the colorectum, small bowel and stomach
Renal sympathetic denervation results in a reduction of blood pressure, renal and systemic sympathetic nerve activity, and heart rate. Furthermore, it decreases renal norepinephrine spillover and renin activity, while increasing renal plasma flow. The reduction in blood pressure is sustained for at least 3 years post-procedure.
c-Jun NH2-terminal kinase (Jnk)
Insufficient evidence in retrieved documents.
yes
Insufficient evidence in retrieved documents.
EWS-FLI1 | EWS-ETS | Fusion oncoprotein of EWS and FLI1
Acquired hemolytic anemia | Thrombocytopenia | Renal failure | Microangiopathic hemolytic anemia | Acute renal failure
yes
Depletion of km23-1 inhibited cell migration of human colon carcinoma cells (HCCCs) in wound-healing assays. | Knockdown (KD) of km23-1 decreased RhoA activation in Mv1Lu epithelial cells
Acute ischemic stroke | Stroke | Amyotrophic lateral sclerosis
Nanog | Pou5f1 (also called Oct4) | SoxB1
yes
The EORTC QLQ-INFO25 questionnaire evaluates the information received by cancer patients. It is administered during the treatment process.
yes
Available data suggest an association between the use of hormone replacement therapy (HRT), including estrogen replacement therapy, and an increased risk of intracranial meningioma. However, the association is not definitive.
yes
yes
Insufficient evidence in retrieved documents.
yes
S-adenosyl-L-methionine (AdoMet) | S-adenosylmethionine
yes
Hh pathway
S-phase progression | late S phase | G2/M cell cycle compartment
*   CGG repeats
Aryl-hydrocarbon interacting protein gene | AIP gene | Aip gene
L29Q | A8V | E134D | D145E | C84Y
Auricular acupuncture may have some effect on smoking cessation, but one study found it no more effective than sham acupuncture [1, 2]. However, acupuncture combined with auricular point sticking and pressing may have a reliable therapeutic effect [3]. Another study found no significant difference in smoking cessation rates between treatment and control groups [5].
Methylation of histone H3 at lysine 9 (H3-Lys9) | trimethylation of histone H3 Lys9 (H3K9me3)
telomerase | human telomerase reverse transcriptase
Insufficient evidence in retrieved documents.
yes
yes
no
Insufficient evidence in retrieved documents.
Are you asking about clathrin in relation to a specific disease, drug, or research area?
Insufficient evidence in retrieved documents.
yes
yes
Insufficient evidence in retrieved documents.
Insufficient evidence in retrieved documents.
Insufficient evidence in retrieved documents.
yes
Patients with advanced, oestrogen receptor-positive, HER2-negative breast cancer | Women with hormone receptor-positive, human epidermal growth factor receptor 2- negative breast cancer | Insufficient evidence in retrieved documents.
yes
Side effects that warrant further investigation | Increased incidence of genital infections, predominantly in women
yes
Filter-aided sample preparation
Insufficient evidence in retrieved documents.
yes
physical activity in daily life | time upright (standing or walking) | time standing | time walking | step count | whole-body acceleration | physical activity
JASPAR 2010 | JASPAR phyloFACTS | JASPAR CORE | JASPAR 2014
Ichthyosis follicularis | Atrichia | Photophobia
Insufficient evidence in retrieved documents.
yes
Transcription Factor EB (TFEB)
Antibiotics which inhibit bacterial peptidoglycan biosynthesis | Fosfomycin | Bacitracin
no
yes
*   Almost total lack of myelin within the cerebral hemispheres
*   Patchy hypomyelination of the cerebellum
*   Strongly prolonged visual evoked response pointing to a dysfunction of the white matter
Insufficient evidence in retrieved documents.
Neuroticism is associated with advanced stages of neurofibrillary tangles and moderates the relationship between APOE ε-4 genotype and cognitive outcomes. Tau is also correlated with neuroticism. These findings suggest a potential link between neuroticism and Alzheimer's disease risk.
Everolimus is an immunosuppressive agent with a novel mode of action, and it is a target of rapamycin inhibitor (TOR-I).
no
nested RT-PCR
yes
Insufficient evidence in retrieved documents.
Hypertrophic cardiomyopathy (HCM) is a genetic heart disease characterized by left ventricular hypertrophy in the absence of another disease that could explain the wall thickening. This hypertrophy is a compensatory pathological response often due to sarcomere dysfunction. HCM is also the most common cause of sudden cardiac death in the young.
mutations in both the CBP and EP300 genes
KP4 is a virally encoded fungal toxin secreted by the P4 killer strain of Ustilago maydis. Its presence correlates with antifungal activity.
Self-renewal of embryonic stem cells | Promotes the expression of the pluripotent factor Lin28 | Promotes self-renewal of ES cells
The principle of PAR-CLIP methodology involves identifying the precise position of crosslinking by identifying mutations residing in the sequenced cDNA. This is a characteristic feature of cDNA libraries prepared using PAR-CLIP.
lithium carbonate | antithyroid drugs
Full body gait analysis may improve diagnostic discrimination between hereditary spastic paraplegia and spastic diplegia. However, early-onset hereditary spastic paraparesis spasticity often cannot be distinguished from mild spastic diplegia. Some children are diagnosed with spastic diplegia secondary to human immunodeficiency virus encephalopathy (HIVE).
mutations in the neurofibromin (NF1) gene | NF1 gene | causative gene (NF1)
selenoprotein P | HSelP | Sepp1
r3Cseq | Sushi.R
Insufficient evidence in retrieved documents.
yes
yes
Insufficient evidence in retrieved documents.
Insufficient evidence in retrieved documents.
Soluble lysosomal proteins can be purified using affinity chromatography on immobilized mannose-6-phosphate receptor (MPR). This is because these proteins are characterized by the presence of mannose-6-phosphate (M6P).
Insufficient evidence in retrieved documents.
Multiple | Single | Insufficient evidence in retrieved documents.
Brooke-Spiegler syndrome | Familial cylindromatosis | Familial trichoepithelioma
Loss of function of the survival motor neuron gene (SMN1) | A single nucleotide in the SMN gene regulates splicing | Mutations in TRPV4
Insufficient evidence in retrieved documents.
TBC1D7
Insufficient evidence in retrieved documents.
Chk2 splice variants impair wild-type Chk2 activity through heterodimerization, independent of their intrinsic kinase activity. These variants express a dominant-negative effect on wild-type Chk2 kinase activity.
Insufficient evidence in retrieved documents.
Coxsackie B viruses (types 1 to 5)
CCM1/KRIT1 | CCM2/MGC4607 | CCM3/PDCD10
yes
Tarlov cysts, also known as perineurial cysts, are lesions of the nerve root most often found in the sacral region. They are also described as sacral perineural cysts. In some cases, they can be disseminated.
Medications searched for in clinical trials | Treatments | Drugs
Mutated CLL (M-CLL) and unmutated CLL (U-CLL)
no
yes
Insufficient evidence in retrieved documents.
Are you asking about hyperosmia as a symptom, or something else?
Over 10,000
Clostridium botulinum
Protects against | Promotes early stages of protein aggregation | Alleviates PD-related degenerative processes
hypomyelination | hypodontia | hypogonadotropic hypogonadism
Insufficient evidence in retrieved documents.
yes
Dnmt3 | MET1 | CMT3 | DRM | DRM2
centromeric nucleosomes | active mammalian centromeres | constitutive kinetochore proteins
Chromatic proteins | Regulatory proteins | Chromodomain helicase DNA-binding protein-7 | HP1 proteins | Polycomb proteins | Chromodomain helicase DNA-binding proteins (CHD)
Are you asking about the Genomicus database, or something else?
yes
Insufficient evidence in retrieved documents.
COUGER is a classification-based framework for identifying protein co-factors that might provide specificity to paralogous TFs. It takes as input two sets of genomic regions bound by paralogous TFs and identifies a small set of putative co-factors that best distinguish the two sets of sequences. COUGER can be run as a stand-alone tool or through a web interface.
Insufficient evidence in retrieved documents.
yes
yes
Insufficient evidence in retrieved documents.
Topical clonazepam
yes
GBshape
Ceftriaxone has been evaluated as a potential therapeutic agent for ALS. While stage 2 trial data was promising, a stage 3 trial of ceftriaxone for ALS did not demonstrate clinical efficacy. There is also a report of a case of MND consistent with ALS that resolved during treatment with ceftriaxone and other medications.
Insufficient evidence in retrieved documents.
yes
Insufficient evidence in retrieved documents.
yes
Insufficient evidence in retrieved documents.
Whey proteins | Soy proteins | Cr
yes
yes
Histone methyltransferases cause histone modification by methylating lysine residues in histone tails [4]. For example, Suv39h HMTases methylate histone H3 at lysine 9 [1]. Txr1p is also identified as a histone methyltransferase that modifies histone H3 [5].
yes
yes
E3-ubiquitin ligase activity
TFEB
yes
yes
Insufficient evidence in retrieved documents.
no
Insufficient evidence in retrieved documents.
Insufficient evidence in retrieved documents.
yes
Insufficient evidence in retrieved documents.
Weaver syndrome
*   ExTopoDB
Hirschsprung disease (HSCR)
Fanconi anemia (FA) | Fanconi's anemia
Orally administered | Orally bioavailable | Oral
Insufficient evidence in retrieved documents.
Establishment of structurally and functionally distinct chromatin compartments | Insulation | Large-scale organization of chromatin | Access to transcription and splicing complexes | Chromatin packaging of eukaryotic genomes
no
yes
Insufficient evidence in retrieved documents.
Functional associations of proteins can be inferred from gene fusion events by analyzing domain fusions or detecting gene fusion events across genomes. This analysis can predict functional associations, including physical interactions, complex formation, and protein interactions and functions. These techniques employ systematic genome comparisons to predict functional associations among genes.
*   Paraspeckle protein component 1
Insufficient evidence in retrieved documents.
yes
yes
The Genomic Regions Enrichment of Annotations Tool (GREAT) is a tool developed to analyze the functional significance of cis-regulatory regions identified by localized measurements of DNA binding events across an entire genome. GREAT incorporates distal binding sites and controls for false positives using a binomial test, unlike previous methods.
Insufficient evidence in retrieved documents.
no
RhoA activation is involved in the invasion and migration of bladder cancer. Elevated RhoA signaling also plays a role in bladder cancer initiation and eventual metastasis.
Orai1 | Orai3 | SHMT2
Insufficient evidence in retrieved documents.
Low T(3) levels are an independent predictor of mortality in patients with chronic heart failure. This indicates that thyroid hormone levels have a prognostic role in patients with heart failure.
A to G transition at -77-bp upstream of the transcription start site in the phospholamban promoter region
transcribed strand | transcribed strand of active genes
chromosome 3p24.2-p26 | chromosome 17q25 | chromosome 17q11.2
UUCCUUAAC
Protein A from Staphylococcus aureus is used as an affinity ligand for the purification or isolation of immunoglobulin G (IgG). It is also used for antibody capture during antibody manufacturing.
Clarithromycin and azithromycin are suggested therapies for Mycobacterium avium infection. Clarithromycin can be used alone, and TLC G-65 can be used alone or in combination with rifapentine, clarithromycin, clofazimine and ethambutol.
Insufficient evidence in retrieved documents.
Loss of TSC1 (9q34) or TSC2 (16p13.3) genes | Genetic alterations related to the tuberous sclerosis complex (TSC) | Autosomal dominant genetic disease
Regulation of transcription | Transcription-independent genome-wide incorporation of H3.3 into paternal chromatin | Alter the levels of HP1a
Insufficient evidence in retrieved documents.
D22S1 | D22S15
no
Insufficient evidence in retrieved documents.
NEDD8-activating enzyme (NAE) | NAE
HS-1-associated protein X-1 (HAX-1) | HAX-1
yes
The provided evidence indicates that MammaPrint has prognostic value.
yes
no
IMGT databases and tools have been developed for the numbering of antibody residues. This includes "IMGT unique numbering" and "IMGT Colliers de Perles" as part of the IMGT-ONTOLOGY concepts.
no
Insufficient evidence in retrieved documents.
yes
Reduce the number of exacerbations | Patients prone to developing infections | Insufficient evidence in retrieved documents.
no
Insufficient evidence in retrieved documents.
yes
Are you asking about a specific gene, protein, or something else related to chromatin immunoprecipitation?
Nine | Eight | HOXD3-HOXD13
Are you currently pregnant, or planning to become pregnant?
Mdm2 | MDM2
yes
Human neurodegenerative diseases
hEAAT2 | EAAT1 | EAAT2
Sorting nexin 27 (SNX27) is involved in intracellular trafficking. It regulates the intracellular trafficking of ion channels and receptors and participates in vesicular and protein trafficking. SNX27 is part of the sorting nexin family, which is generally involved in endocytic and intracellular sorting machinery.
yes
0.56% | 0.73% | Insufficient evidence in retrieved documents.
Silver staining | Coomassie brilliant blue (CBB) | Fluorescent dyes | Sypro Ruby
Aptamers have potential clinical uses in treating age-related macular degeneration, alleviating blood clotting, and treating AIDS. Some aptamers are FDA-approved therapeutics, while others are in clinical trials. One aptamer, Macugen, is already approved for clinical use.
Fusarium oxysporum f.sp. cubense
Insufficient evidence in retrieved documents.
Sagittal suture | Bilateral lambdoid sutures
no
Hedgehog (Hh) | Notch | Wnt | Receptor tyrosine kinases (RTK) | c-Met | erbB2 | IGF-R | TrkC | Myc | Insulin-like growth factor (IGF) | Phosphatidylinositol 3'-kinase/AKT | Aurora Kinase A | RB
Invadopodia are important drivers of local invasion in metastasis. The transcription factor Twist1, a central regulator of the epithelial-mesenchymal transition (EMT), promotes invadopodia formation.
Cancer driver genes are genes that researchers are trying to identify through methods like exome and genome sequencing. Databases are being developed to catalog these genes, and methods are being refined to improve their identification. The goal is to create comprehensive lists of these genes.
Mitochondrial nucleoids are macromolecular assemblies where mitochondrial DNA is packaged. They are composed of one or more copies of mitochondrial DNA and associated proteins, and they organize independent mitochondrial genetic information.
Amiodarone-induced thyrotoxicosis can be treated with anti-thyroid medications, with or without corticosteroids [1]. Other treatments include lithium carbonate in addition to two other drugs [2], or potassium perchlorate and carbimazole [5].
Insufficient evidence in retrieved documents.
yes
Fever | Skin rash | Gastrointestinal disorders | Respiratory symptoms | Enanthema | Cough
Insufficient evidence in retrieved documents.
yes
yes
Insufficient evidence in retrieved documents.
Mage-A4 | alpha-defensins (DEFA) | lipolysis-stimulated lipoprotein receptor (LSR) | RAB25 | S100A14 | mucin 1 (MUC1)
mTOR pathway | mammalian target of rapamycin metabolic pathway | insulin signalling
yes
Insufficient evidence in retrieved documents.
Insufficient evidence in retrieved documents.
Insufficient evidence in retrieved documents.
The evidence suggests that it is not sufficiently established whether Helicobacter pylori infection is a risk factor for ischemic stroke. Studies on the topic have shown variable results.
Flaccid dysarthria | Spastic dysarthria | Ataxic dysarthria | Hyperkinetic dysarthria | Hypokinetic dysarthria | Mixed dysarthria
yes
The LINX system treats gastroesophageal reflux disease (GERD) via magnetic sphincter augmentation (MSA) of the gastroesophageal junction. It is an alternative to fundoplication.
beta-galactosidase | acid beta-galactosidase | β-d-galactosidase
Cerebral hemiatrophy | Reduced caliber of the left middle cerebral artery | Mutations residing in the sequenced cDNA
TAZ gene | tafazzin
Oral glucocorticoids are administered in moderate and severe cases of subacute thyroiditis.
BMAL1 deficiency, or down-regulation, accelerates tumor development and results in down-regulation of genes in the canonical Wnt pathway, which normally suppresses adipogenesis.
Trimethylation of lysine 27 on histone H3 (K27me3) | Ubiquitination of histone H2A
CLIC1 is localized in the cytoplasm and plasma membrane. Its nuclear localization pattern can be altered by insulin stimulation.
K/R-X-K/R-X-X-S/T | pSer-Xaa-Xaa-Ser
Rivaroxaban | Warfarin
The SPIKE database stores, organizes, and allows retrieval of information about human signaling pathways. It contains curated interactions and literature-referenced information, making it a useful resource for the research community.
yes
Insufficient evidence in retrieved documents.
The Barr body is the inactive X chromosome in a female somatic cell. It is a plano-convex structure of 2-3 micron in diameter on the periphery of the nuclear membrane and is the cytological manifestation of the inactive X chromosome in interphase nuclei.
yes
yes
70 | 70-gene signature | Insufficient evidence in retrieved documents.
yes
yes
Insufficient evidence in retrieved documents.
Three
yes
yes
Eye reaction | Motor function | Brainstem reflexes | Respiratory pattern | Eye response | Motor response | Respiration
Bone | Cartilage | Muscles | Vessels | Nerves | Liver | Lymphoid organs | Kidney tissue
yes
yes
Insufficient evidence in retrieved documents.
yes
Depression in acoustic neuroma patients is linked to the number of symptoms they experience. As the number of symptoms increases, the likelihood of depression also increases.
Insufficient evidence in retrieved documents.
Insufficient evidence in retrieved documents.
yes
Small-cell lung cancer (SCLC) | anaplastic small-cell lung cancer
Insufficient evidence in retrieved documents.
Early-onset congenital cataracts | Microcornea | Microphthalmos
yes
yes
Could you please specify the genotype and environment you are interested in?
yes
yes
RAS | BRAF | Ras/Raf
Are you asking about a specific hemoglobin variant?
Insufficient evidence in retrieved documents.
Are you asking about the specific protein target of MK-3475 and CT-011 in a particular type of malignancy?
Insufficient evidence in retrieved documents.
Insufficient evidence in retrieved documents.
Formin family | Formin family proteins
yes
yes
delta-distance | average absolute dinucleotide relative abundance difference
Insufficient evidence in retrieved documents.
Insufficient evidence in retrieved documents.
Genomics | Transcriptomics | Proteomics | Glycomics | Epigenomics
EGFR deletion mutant EGFRvIII | EGFRvIII | Insufficient evidence in retrieved documents.
Insufficient evidence in retrieved documents.
Squamous cell carcinoma | Bronchioalveolar carcinoma
no
Insufficient evidence in retrieved documents.
no
1:5000 of live-born | Insufficient evidence in retrieved documents.
yes
Insufficient evidence in retrieved documents.
Insufficient evidence in retrieved documents.
parkin gene | PTEN-induced putative kinase 1 (PINK1) gene
Ranolazine reduces cellular calcium overload, specifically sodium-dependent calcium overload. It has only a small effect on the basal calcium current.
Insufficient evidence in retrieved documents.
Period (Per) genes are key circadian rhythm regulators in mammals. Genetic ablation of mPER1 and mPER2 function results in a complete loss of circadian rhythm control.
yes
BCR-ABL tyrosine kinase | Bcr-Abl tyrosine kinase | BCR-ABL1 fusion protein
Insufficient evidence in retrieved documents.
Sushi.R | r3Cseq | Insufficient evidence in retrieved documents.
hydrocephaly | chorioretinitis | intracerebral calcifications
Fewer than 100 | More than 200 | 94
yes
Insufficient evidence in retrieved documents.
Differentiated cells | Almost all cell types | Early vertebrate embryos
Autophagy is defined as all processes in which intracellular material is degraded within the lysosome/vacuole and where the macromolecular constituents are recycled.
CRISPR-Cas
Directional mutation pressure introduces mutational biases between alpha-bases (A or T) and gamma-bases (G or C). This variation in DNA G + C content is due to mutational biases between these base types.
