Hirschsprung disease is primarily a multifactorial, non-mendelian disorder. However, some identified genes are related to Mendelian syndromic forms of the disease. The inheritance pattern is generally consistent with sex-modified multifactorial inheritance.
EGF | AR | HB-EGF | TGF-α | EREG | betacellulin | epiregulin | amphiregulin | epigen
yes
yes
yes
no
microRNA-21 | miR-132 | miR-26a | let-7b | miR-145 | microRNA-100 | Let-7i
Pyridostigmine bromide | Pyridostigmine | Neostigmine
yes
Dishevelled-1 (Dvl-1) | Dishevelled-2 | Dvl genes
Bazex syndrome | Bazex' syndrome
Class I | Class II | Class III | Class IV
Notch-1 | Notch-2 | Notch-3 | Notch-4
Arrested cell-cycle progression | Development of aberrant gene expression with proinflammatory behavior
Prostate cancer | Castration-resistant prostate cancer
yes
Pou5f1 | Myc | Klf4 | Sox2 | c-Myc | Oct3/4 | Oct4
The Chromosome-centric Human Proteome Project (C-HPP) aims to systematically map the entire human proteome, creating an annotated proteomic catalog for each chromosome. This includes identifying proteins that currently lack evidence and enhancing our understanding of human biology at the cellular level. The project also fosters collaboration and integration of findings from related molecular -omics technology platforms.
Plasma membrane | CNS | Membrane channels
Alpers syndrome | progressive external ophthalmoplegia | ataxia-neuropathy syndromes | Myocerebrohepatopathy Spectrum disorders (MCHS) | Ataxia Neuropathy Spectrum (ANS) disorders | Myoclonus Epilepsy Myopathy Sensory Ataxia (MEMSA) | autosomal recessive Progressive External Ophthalmoplegia (arPEO) | autosomal dominant Progressive External Ophthalmoplegia (adPEO)
Ivabradine improves left ventricular function in heart failure and reduces remodeling following myocardial infarction. Adding ivabradine to standard treatment of stable chronic congestive heart failure after myocardial infarction reduces hospitalizations, recurrent non-fatal MI, and fatal cardiovascular events, especially in patients with high baseline heart rate.
Autosomal recessive inheritance | Autosomal recessive disorder | Autosomal recessive
yes
Autosomal dominant | Autosomal dominant inheritance | Autosomal-dominant
yes
Ryanodine receptor (RyR) | Triadin | Junctin | Calsequestrin
Hydrophilic-interaction liquid chromatography | Hydrophilic Interaction Chromatography | hydrophilic interaction chromatographic
TRH improves cardiac contractility. It can enhance cardiomyocyte contractility in vivo and exerts a positive inotropic effect. In rats with ischemic cardiomyopathy, TRH caused a significant increase in cardiac contractility.
yes
all-alpha-helical fold | conserved bromodomain structural fold | small beta-sheet in the ZA loop region
ileo-colonic lymphoid nodular hyperplasia (LNH) | mild acute and chronic inflammation of the colorectum, small bowel and stomach | lymphonodular hyperplasia | enterocolitis | esophageal achalasia
Renal sympathetic denervation results in decreased blood pressure, renal and systemic sympathetic nerve activity, and heart rate. It also decreases renal norepinephrine spillover and renin activity, while increasing renal plasma flow. The reduction in blood pressure appears to be sustained for at least 3 years post-procedure.
c-Jun NH2-terminal kinase (Jnk) | c-Jun N-terminal kinase (JNK)
Terminal Amine Isotopic Labeling of Substrates
yes
Antiepileptic | Generalized tonic-clonic epilepsies | Partial-onset epilepsies | Antinociceptive potential in neuropathic and chronic inflammatory pain
EWS/FLI fusion protein | EWS-FLI1 fusion protein
Microangiopathic hemolytic anemia | Thrombocytopenia | Acute renal failure | Renal failure | Acquired hemolytic anemia
yes
decreased RhoA activation in Mv1Lu epithelial cells | inhibited cell migration of human colon carcinoma cells (HCCCs) | disrupts km23 function, resulting in aberrant transforming growth factor-beta signaling | inhibited TGFβ-mediated activation of ERK and JNK | inhibited phosphorylation of c-Jun | inhibited transactivation of the c-Jun promoter
Acute ischemic stroke (AIS) | Acute ischemic stroke | Insufficient evidence in retrieved documents.
Nanog | Pou5f1 | SoxB1
yes
The EORTC QLQ-INFO25 questionnaire evaluates the information received by cancer patients, as well as the perceived level of and satisfaction with that information.
yes
Available data suggest an association between hormone replacement therapy (HRT) and increased meningioma risk. Several studies indicate that HRT use is associated with an increased risk of intracranial meningioma. The data are not always definitive, but consistently point towards this association.
yes
yes
proprotein convertase subtilisin/kexin type 9 (PCSK9) | PCSK9
yes
S-adenosyl-L-methionine (AdoMet) | S-adenosyl methionine (SAM)
yes
Hedgehog signaling | Hh pathway | smoothened
S-phase | G2/M | late S phase
Triplet repeat expansions | G-rich RNA strand from C-rich DNA template | CTG.CAG repeats | CGG repeats
aryl hydrocarbon receptor interacting protein (AIP) gene | Aip gene | aryl-hydrocarbon interacting protein gene
L29Q | A8V | E134D | D145E | C84Y | TNNC1-A31S | c.363dupG or p.Gln122AlafsX30
Acupuncture has been explored as a treatment for smoking cessation, with some evidence suggesting a positive effect, particularly with auricular acupuncture. However, the efficacy of acupuncture alone remains controversial, and some studies have found it no more effective than sham acupuncture. Combining acupuncture with other therapies like behavioral counseling or nicotine replacement may enhance success rates.
H3K9me2 | H3K27me1 | H3K27me2 | trimethylated H3-K9 | H4-K20 methylation
human telomerase reverse transcriptase | telomerase reverse transcriptase
SCF(β-TrCP) | β-TrCP
yes
yes
no
NKX2-1 | TITF1 | NKX2.1
Are you asking about clathrin in relation to a specific disease, drug, or research area?
Based on the provided evidence, silencing PRKAR1A expression induces growth inhibition and apoptosis of cholangiocarcinoma cells. This is associated with a decrease in mitogen-activated protein kinases, PI3K/Akt, JAK/STAT and Wnt/β-catenin pathway signaling.
yes
yes
telomerase | human functional telomerase RNA (hTR)
Interleukin-4 | Interleukin-13
FGFR1 | FGFR2 | FGFR3 | TWIST | MSX2 | Nell-1
yes
Advanced, oestrogen receptor-positive, HER2-negative breast cancer patients | Women with hormone receptor-positive, human epidermal growth factor receptor 2- negative breast cancer | Insufficient evidence in retrieved documents.
yes
Anorexia | Fatigue | Ipsilateral forehead dermatitis | Blepharitis | Conjunctivitis
yes
Insufficient evidence in retrieved documents.
Reduced dosage of ERF, an inhibitory ETS transcription factor directly bound by ERK1/2, causes complex craniosynostosis. This indicates that ERK1/2 signaling is linked to the regulation of osteogenesis, and its disruption can lead to premature fusion of cranial sutures.
yes
Physical activity in daily life | Activity levels | Nighttime activity data | Activity counts | Activity level
2008 update | JASPAR 2014 | JASPAR 2010
Atrichia | Ichthyosis | Follicular hyperkeratosis | Chronic candidiasis | Keratitis | Seizures | Mental retardation | Inguinal hernia | Photophobia | Recurrent respiratory infections | Alopecia
Cytochrome P-450 (CYP) enzymes | CYP2C19 | P2Y12
yes
Transcription factor EB (TFEB)
Antibiotics which inhibit bacterial peptidoglycan biosynthesis | Semisynthetic glycopeptide antibiotic | Lantibiotic mersacidin
no
yes
Congenital ichthyosis | Trichothiodystrophy
Rheumatoid arthritis synovial fibroblasts (RASFs) | B cells | Fibroblast-like synoviocytes (FLS) | Regulatory T cells | CD4 memory T cells
Individuals with Alzheimer's disease show increased neuroticism compared to their premorbid personality. Higher baseline neuroticism scores are associated with a decreased likelihood of remaining asymptomatic when Alzheimer's disease neuropathology is present. Neuroticism is also associated with advanced stages of neurofibrillary tangles.
Everolimus is a target of rapamycin inhibitor (TOR-I) that interacts with mTOR. It is an immunosuppressive agent with a novel mode of action.
yes
RT-PCR | reverse-transcriptase polymerase chain reaction | nested RT-PCR
yes
Study of protein interactions | Visualization of protein interactions | Analyzing protein interaction properties
Hypertrophic cardiomyopathy (HCM) is a genetic heart disease characterized by left ventricular hypertrophy. This condition occurs in the absence of another disease that could explain the wall thickening and is often due to mutations in genes encoding for the cardiac sarcomere.
Mutations in the CREBBP gene | Mutations in both the CBP and EP300 genes | Molecular lesions in the CREB-binding protein gene, CREBBP
The viral KP4 protein is a virally encoded fungal toxin secreted by the P4 killer strain of *Ustilago maydis*. It has an antifungal effect, killing fungi closely related to *Ustilago maydis*.
Self-renewal of embryonic stem cells | Regulates the expression of differentiation-associated genes | Importance in stem cells and early embryonic cells
PAR-CLIP (Photoactivatable-Ribonucleoside-Enhanced Crosslinking and Immunoprecipitation) is a method that uses photoreactive ribonucleosides or nucleosides to crosslink RNA and proteins. This allows for the identification of binding sites of cellular RBPs and miRNPs. The use of photoactivatable nucleosides enhances the efficiency of the crosslinking process.
potassium perchlorate | carbimazole | lithium | antithyroid drugs | lithium carbonate
Spastic diplegia shares clinical similarities with hereditary spastic paraplegia, leading to potential misdiagnosis. Clinical gait analysis has been suggested as a tool to differentiate between these conditions. Studies utilize three-dimensional gait analysis to measure gait variables in patients with spastic diplegia.
mutations in the neurofibromin (NF1) gene | causative gene (NF1) | somatic mutational spectrum of the neurofibromatosis type 1 (NF1) gene
selenoprotein P
r3Cseq | Sushi.R
Insufficient evidence in retrieved documents.
yes
yes
Yes, the provided evidence indicates that there is a genetic component to happiness. Twin studies suggest that genetic factors account for 35-50% of the variance in happiness, while other studies estimate heritability at 22% for males and 41% for females. Biometric studies also show that happiness is strongly affected by genes.
catechol-O-methyltransferase (COMT) | COMT
To isolate soluble lysosomal proteins, one would use affinity chromatography with immobilized mannose-6-phosphate receptor (MPR). The mannose-6-phosphate (Man-6-P) present on these proteins allows them to bind to the receptor, enabling their purification.
NR0B1 | BCL11B
Multiple | Three | One
Brooke-Spiegler syndrome | Familial cylindromatosis | Cylindromatosis
Loss of function of the survival motor neuron gene (SMN1) | Mutations of the SMN1 gene | Mutations of the SMN and NAIP genes on chromosome 5
Weight gain | Growth retardation | Hirsutism | Obesity | Striae | Acne | Hypertension
TBC1D7
CaM kinase II | Ca2+/calmodulin-dependent protein kinase | Calcium/calmodulin- dependent kinase
Chk2 splice variants impair wild-type Chk2 activity through heterodimerization, independent of their intrinsic kinase activity. These splice variants express a dominant-negative effect on the wild-type Chk2 kinase activity.
PMP22
Coxsackie B viruses (types 1 to 5) | Enteroviruses | H1N1 influenza virus
CCM1/KRIT1 | CCM2/MGC4607 | CCM3/PDCD10 | Krev interaction trapped-1 (Krit1) gene (cerebral cavernous malformation gene-1, CCM1) | CCM2 | CCM3 | CCM1
yes
Tarlov cysts are nerve root lesions or sacral perineural cysts, most often found in the sacral region. Tarlov cyst syndrome is a rare disorder characterized by these nerve-root cysts, usually occurring in the sacral spine, near the dorsal root ganglion, between the perineurium and endoneurium. They can be symptomatic or asymptomatic.
Medications searched for in Medline, Embase, and Cochrane Databases | Medications searched for in Medline and Embase
Mutated CLL (M-CLL) and unmutated CLL (U-CLL)
yes
yes
Zinc ion at their active site | Zinc | Zinc-dependent
Are you asking about hyperosmia as a symptom, or something else?
9,640 | Over 10,000 | Over 18,000
Clostridium botulinum
Protects against | Promotes early stages of aggregation
Hypomyelination | Hypogonadotropic hypogonadism | Hypodontia | Ataxia
The "core matrisome" in mammals is defined as comprising approximately 300 extracellular matrix (ECM) proteins [1, 2]. The "matrisome" is defined as the ensemble of ECM proteins and associated factors [4].
yes
MET | CMT | DRM
centromeres | centromeric nucleosomes | centromeric chromatin
Here's a list of proteins in which the chromodomain is present, based solely on the provided evidence:

*   Chromatic and regulatory proteins involved in chromatin remodeling
*   Animal and plant proteins
*   Proteins that contribute to chromatin organization
*   HP1-like chromodomains
*   Chromodomain Y chromosome (CDY) family of proteins
*   CDY
*   CDYL
*   CDYL2
*   Proteins that associate with heterochromatin in Sciara coprophila chromosomes
Are you asking about the Genomicus database, or something else?
yes
Insufficient evidence in retrieved documents.
COUGER is a classification-based framework for identifying protein co-factors that might provide specificity to paralogous transcription factors (TFs). It takes as input two sets of genomic regions bound by paralogous TFs and identifies co-factors that distinguish the two sets of sequences using a classification approach based on DNA-binding specificities. COUGER is also available as a web implementation.
Insufficient evidence in retrieved documents.
yes
yes
mitochondrial intermembrane space
Here's a list of drugs utilized for burning mouth syndrome, based on the provided evidence:

*   Tongue protector
*   AV
*   Capsaicin
*   Alpha-lipoic acid (ALA)
*   Clonazepam
yes
GBshape
Ceftriaxone has been evaluated in clinical trials as a potential treatment for amyotrophic lateral sclerosis (ALS). While stage 2 data was promising, a stage 3 clinical trial of ceftriaxone in ALS did not demonstrate clinical efficacy.
The TAILORx trial utilizes the Oncotype DX recurrence score to assign estrogen receptor-positive, node-negative patients to either chemotherapy plus hormonal therapy or hormonal therapy alone. Oncotype DX testing was also conducted on some patients as part of the TAILORx clinical trial. The trial aims to determine the benefit of chemotherapy for patients with mid-range recurrence scores as determined by Oncotype DX.
yes
Based on the provided evidence, the main function of "RNA sponges" is to act as microRNA (miRNA) sponges, sequestering or sponging miRNAs. They can also sequester other cellular noncoding RNA molecules.
yes
-77A-->G | R14del | deletion of the highly conserved amino acid residue arginine 14 (nucleic acids 39, 40 and 41) | c.40_42delAGA (p.Arg14del)
Vitamin E | Astaxanthin | L. rhamnosus IMC 501(®) | L. paracasei IMC 502(®)
yes
yes
Histone methyltransferases catalyze the site-specific deposition of methyl groups onto histone tails, leading to histone modification [2, 3]. These enzymes ensure that histone methylations are dynamic [1]. The effect of methylation can depend on the specific enzyme involved [4].
yes
yes
E3 ubiquitin ligase | Ubiquitin E3 ligase | E3-ubiquitin ligase activity
LC3 | LC3-II | light chain 3 (LC3)
yes
yes
Immunogenic sugar | Triggers immune response | Detectable by heterophile antibodies
no
bicarbonate | CO2
6S RNA is a non-coding RNA that regulates transcription by mimicking an open promoter structure and interacting with RNA polymerase. It can also act as a template for RNA transcription without DNA. The function of 6S RNA enhances long-term cell survival.
yes
cysteine
Weaver syndrome
ExTopoDB | TMPDB
Hirschsprung disease (HSCR) | Hirschsprung disease
Fanconi's anemia | FA
Orally | Oral bioavailability | Orally administered
Caveolae are invaginations or pits in the plasma membrane of cells. They are cholesterol and sphingolipid-rich microdomains and are formed by caveolin and cavin proteins. They are also mechanically deformable.
Establishing sites of gene expression | Containing active genes | Comprising inactive genes | Containing macromolecular complexes for transcription, splicing, DNA replication, and repair | Insulation | Large-scale organization of chromatin | Mediate establishment of structurally and functionally distinct chromatin compartments
no
yes
Protein interaction | Regulation of innate and adaptive immunity | Component of immune defence
Functional associations between genes can be inferred from gene fusion events because the fusion of two genes into one continuous sequence suggests a functional link. These associations can include physical interactions, complex formation, or participation in the same functional category. Gene fusion events are more indicative of physical interactions between proteins than weaker functional relationships.
Paraspeckle protein component 1 (PSPC1) | SFPQ (PSF)
Robinow syndrome | RS-OS
yes
yes
The Genomic Regions Enrichment of Annotations Tool (GREAT) was developed to analyze the functional significance of cis-regulatory regions identified by localized measurements of DNA binding events across an entire genome. GREAT incorporates distal binding sites and controls for false positives using a binomial test over the input genomic regions.
poly(ADP-ribose) polymerase | PARP
no
RhoA is more abundant in bladder tumors and metastatic lymph nodes and plays a significant role in the genesis, progression, initiation, and metastasis of bladder cancer. Ras-induced RhoA activation is involved in the invasion and migration of bladder cancer cells.
AMPARs | SHMT2 | GAC | CDY | CDYL | CDYL2
Sodium-glucose cotransporter 2 | SGLT2 | Sodium glucose co-transporter 2
Low T3 levels are an independent predictor of mortality in patients with chronic heart failure. Low fT3 is also an independent predictor of death in hemodialysis patients.
A heterozygous single nucleotide transition from A to G at -77-bp upstream of the transcription start site in the phospholamban promoter region | A mutation in the human phospholamban gene, deleting arginine 14 | Arg --> Cys missense mutation at residue 9 (R9C) in phospholamban (PLN)
transcribed strand | transcribed strands of expressed genes
Chromosome 21 | Chromosome 12p | Chromosome 17q11.2 | Chromosome 10 | Chromosome 17q25
UUCCUUAAC | branch site consensus sequence | U12-dependent introns
Protein A from Staphylococcus aureus is used as an affinity ligand for the purification of antibodies, particularly immunoglobulin G (IgG). It is in high demand due to its ability to bind immunoglobulins.
Clarithromycin and azithromycin are suggested therapies for Mycobacterium avium infection. TLC G-65 in combination with rifapentine is also suggested as a treatment regimen.
Treatment for acute pericarditis includes appropriate antibiotic therapy combined with surgical drainage or partial pericardiectomy. Intrapericardial irrigation of fibrinolytics and systemic corticosteroids administration can be used as an alternative to pericardectomy for non-resolving fibrino-purulent pericardial effusion. Treatment with DITPA attenuates the acute inflammatory response and reduces myocardial infarct size.
Mutations in either the TSC1 or TSC2 gene | Genetic alterations related to the tuberous sclerosis complex (TSC) | Inactivating mutations in either the TSC1 or TSC2 genes
ATP-dependent chromatin-remodelling enzyme | Chromatin remodeling protein | SNF2-like transcription factor
Fluorouracil | Epirubicin | Cyclophosphamide
D22S1 | D22S15
no
CisMiner | CPModule | MOPAT (motif pair tree)
NEDD8-activating enzyme | NAE
HAX-1 | HS-1-associated protein X-1
yes
MammaPrint is a prognostic tool that can categorize young patients with early-stage breast cancer as having a high or low risk of distant metastasis. This information can be used to guide adjuvant treatment decisions and manage high-risk patients with more aggressive therapy.
yes
yes
The IMGT unique numbering system has been developed for the numbering of antibody residues. This system is part of the IMGT-ONTOLOGY concepts.
yes
Approximately 24,500 | 21,000
yes
Reduce the number of exacerbations | Severe, advanced COPD | Patients prone to developing infections
yes
5-aminolevulinic acid (5-ALA) | ALA | Five-aminolevulinic acid
yes
Are you asking about a specific gene, protein, or experimental technique?
Nine | Eight | HOXD3-HOXD13
Are you currently pregnant, or planning to become pregnant?
Mdm2 | MDM2
yes
Schizophrenia | Neurodegenerative diseases | Stromal keratitis (SK)
hEAAT2 | EAAT1 | EAAT2 | GLAST | GLT-1 | EAAC1
Sorting nexin 27 (SNX27) is involved in intracellular trafficking, specifically regulating the trafficking of ion channels and receptors. It participates in vesicular and protein trafficking and is important for trafficking to the early endosome. SNX27 is a member of the sorting nexin family of proteins.
yes
0.56% | 0.73% | 98.71%
Sypro Ruby | Coomassie Blue staining (CBS) | Colloidal coomassie blue (CCB) | Silver staining
Aptamers have potential clinical uses as therapeutic and diagnostic agents, acting as protein ligands and inhibitors. They have been developed as inhibitors for targets such as vascular endothelial growth factor (VEGF) and thrombin, with one FDA-approved aptamer for treating age-related macular degeneration. Other potential uses include alleviating blood clotting and treating AIDS.
Fusarium oxysporum f. sp. cubense | fungus Fusarium oxysporum f. sp. cubense | Foc
Nalmefene modulates opioidergic transmission in the CNS and functions as a potent opioid receptor antagonist.
Sagittal suture | Bilateral lambdoid sutures
yes
Hedgehog (Hh) | Notch | Wnt | c-Met | erbB2 | IGF-R | TrkC | Myc | insulin-like growth factor (IGF) signaling
Invadopodia are important drivers of local invasion in metastasis. Twist1, a central regulator of EMT, promotes invadopodia formation via upregulation of PDGFR expression and activity. Twist1-induced invadopodia formation promotes tumor metastasis.
Cancer driver genes are genes with genetic alterations that contribute to the transformation of a normal cell to a proliferating cancerous cell. Identifying these genes is a major goal of cancer research.
A mitochondrial nucleoid is a macromolecular assembly containing mitochondrial DNA (mtDNA) and associated proteins. It is a DNA-protein or protein-DNA complex that organizes mitochondrial genetic information. The mtDNA within a mitochondrion is compacted into this nucleoprotein complex.
Amiodarone-induced thyrotoxicosis can be treated with antithyroid drugs, sometimes with corticosteroids. Other treatments include lithium, potassium perchlorate, and carbimazole, and the addition of lithium carbonate to other drugs. The condition is usually benign and remits with timely administration of medications.
Insufficient evidence in retrieved documents.
yes
Fever | Skin rash | Gastrointestinal disorders | Respiratory symptoms | Enanthema | Cough | Multisystemic involvement | Anaphylactic shock | Unspecified allergy
Insufficient evidence in retrieved documents.
yes
yes
CD99 | EWS/FLI fusion protein | EWS-FLI1 fusion protein
Mage-A4 | beta-catenin | MUC18 | plexins | integrins | lipolysis-stimulated lipoprotein receptor (LSR) | RAB25 | S100A14 | mucin 1 (MUC1) | thromobospondin 1 | galectin-3 binding protein | cathepsin D | vimentin | zinc-α2-glycoprotein | CD44 | EGFR
mTOR signalling pathway | phosphoinositide 3-kinase (PI3K) signalling pathway | amino acid-TOR signalling pathway
yes
Insufficient evidence in retrieved documents.
Elotuzumab
Bedaquiline inhibits mycobacterial adenosine triphosphate (ATP) synthase, disrupting the mycobacterial energy metabolism. It acts on the transmembrane component of ATP synthase and prevents electron transport. It is effective against all states of Mycobacterium tuberculosis.
The evidence regarding *Helicobacter pylori* infection as a risk factor for ischemic stroke is conflicting. While one study suggests it contributes to a high risk, others indicate variable results and insufficient evidence to establish a definitive link. Therefore, the association remains uncertain based on the provided snippets.
Flaccid dysarthria | Spastic dysarthria | Ataxic dysarthria | Hyperkinetic dysarthria | Hypokinetic dysarthria | Mixed dysarthria
yes
The LINX Reflux Management System augments the physiologic function of the sphincter barrier. It restores the natural barrier to reflux through magnetic sphincter augmentation. This provides a permanent solution to GERD without altering gastric anatomy.
acid beta-galactosidase | beta-galactosidase | lysosomal beta-galactosidase
Seizures, facial asymmetry, contralateral hemiplegia, mental retardation | Cerebral hemiatrophy | Hemiparesis, hemiplegia, seizures, mental retardation, and facial asymmetry
TAZ gene | tafazzin gene
Treatment for subacute thyroiditis includes steroids, such as oral glucocorticoids for moderate to severe cases. Steroids may be used alone or in combination with anti-thyroid drugs.
BMAL1 deficiency is associated with premature aging, reduced lifespan, and stress-induced senescence. It also disrupts circadian oscillation in gene expression and reactive oxygen species homeostasis in the brain, and accelerates the development of tumors.
Ubiquitination of histone H2A | Methyllysine residues of the histone H3 tail | Trimethylation of the lysine 27 residue of histone H3 (H3K27me3)
CLIC1 is localized in the nucleus, cytoplasm, and plasma membrane. Insulin stimulation can change its nuclear localization pattern.
K/R-X-K/R-X-X-S/T | pS-X-X-S | pSer-Xaa-Xaa-Ser | SLS and acidic cluster motifs | phosphorylated side chain at position n-3 or n-4 relative to serine/threonine
Rivaroxaban | Warfarin
The SPIKE database is useful for storing, organizing, and retrieving information on human signaling pathways. It contains highly curated interactions for particular human pathways, along with literature-referenced information. The database focuses on pathways such as DNA damage response, cell cycle, programmed cell death, and hearing-related pathways.
yes
Perilipin | Adipophilin/adipocyte differentiation-related protein (ADRP) | S3-12 | Tail-interacting protein of 47 kilodaltons (TIP47) | Myocardial lipid droplet protein (MLDP)/oxidative tissues-enriched PAT protein (OXPAT)/lipid storage droplet protein 5 (LSDP5) | Perilipin A | Adipose differentiation-related protein (ADFP) | LSDP5 | Optic atrophy 1 (OPA1)
The Barr body is the inactive X chromosome in a female somatic cell. It is readily identified as a plano-convex structure of 2-3 micron in diameter on the periphery of the nuclear membrane and is the cytological manifestation of the inactive X chromosome in interphase nuclei.
yes
yes
70
yes
yes
Anemia of inflammation | Cancer | Chronic kidney disease | Anemia management in hemodialysis | Improving anemia control
Three | 3
yes
yes
Eye reaction | Motor function | Brainstem reflexes | Respiratory pattern | Eye response | Motor response
bone | cartilage | muscles | vessels | nerves | liver | lymphoid organs | living human organs
yes
yes
Expansin-like proteins in fungi, such as EglD, are localized in the cell wall. These proteins may be involved in cell wall remodeling during germination. Cell wall swelling may not be a significant event during expansin action.
yes
As the number of acoustic neuroma symptoms increases, the likelihood of depression may also increase. Deterioration of hearing post-operatively is associated with depressive disorders, and these disorders appear to be more common in women with acoustic neuroma.
Fibroblast growth factor receptor 3 gene (FGFR3) | FGFR3 | Achondroplasia gene
Hsp90 inhibitors like radicicol and geldanamycin interact with the ATP-binding site of Hsp90. Dicoumarol, another Hsp90 inhibitor, reduces Hsp90 client levels and inhibits in vivo heat shock luciferase activity recovery.
yes
small-cell lung cancer | anaplastic small-cell lung cancer | small cell lung cancer
Presence of lanthionine and/or methyllanthionine | Containing mesolanthionine, 3-methyllanthionine, dehydroalanine, and dehydrobutyrine | Lanthionine-containing
Congenital cataracts | Facial dysmorphism | Neuropathy
yes
yes
Could you please specify the genotype and environment you are interested in?
yes
yes
c-Myc (MYC) | Ras/Raf | RAS/BRAF | Akt | Skp2 inactivation
Are you asking about a specific hemoglobin variant?
Yes, DMSO as an additive can improve proteomic analysis results. The addition of DMSO to the matrix solution improves quantitative precisions [1]. Also, low percentages of DMSO in liquid chromatography solvents enhance electrospray ionization of peptides, improving the sensitivity of protein identification in bottom-up proteomics [2].
Are you asking about the specific protein target of MK-3475 and CT-011 in a particular type of malignancy?
aspartyl beta-hydroxylase | junctin | junctate | noncatalytic isoform of BAH (humbug)
Cell proliferation | Tissue homeostasis | Organ size | Cancer development | Growth | Differentiation | Regeneration
Formin family | Formin family proteins | Formin family of actin nucleating proteins
yes
yes
delta-distance
Immunoaffinity purification
N-terminal proteomics is used for the systematic identification of protease cleavage events. It also enables high confidence peptide to protein assignment, protein N-terminal characterization and annotation, and protease substrate discovery.
Genomics | Transcriptomics | Proteomics | Metabolomics | Degradomics | Fluxomics | Glycomics | Epigenomics
EGF receptor variant III | EGFRvIII | EGF receptor
Alpha-tropomyosin mutation | Troponin T (TNNT2) mutation | DSP mutation
Lung cancer | Non-small cell lung carcinoma | NSCLC
yes
Drisapersen is a 2'-O-methyl-phosphorothioate oligonucleotide designed to skip exon 51 in dystrophin pre-mRNA. This action restores the reading frame of the mRNA.
yes
Insufficient evidence in retrieved documents.
yes
Inulin | Inulin-rich materials
High doses of inotropic agents | Steroids | Mechanical support by intra-aortic balloon pump | DITPA | Antibiotic therapy with surgical drainage | AM, taurine and CoQ10 | AM combined with taurine and CoQ10
PARK2 (Parkin gene) | PINK1 | DJ-1 | ATP13A2
Ranolazine prevents or reduces cellular calcium overload in heart myocytes, particularly sodium-dependent calcium overload. Ranolazine has a small effect on basal calcium current, but can greatly affect whole cell calcium current when facilitated by beta-adrenoceptor or histamine receptor activation.
In the Reverse Warburg effect, stromal cells undergo aerobic glycolysis, rather than tumor cells. The stroma provides energy-rich metabolites to the epithelial cancer cells, essentially feeding the tumor.
Period (Per) genes are key circadian rhythm regulators in mammals. Ablation of mPER1 and mPER2 function results in a complete loss of circadian rhythm control.
yes
BCR-ABL tyrosine kinase | CR-ABL tyrosine kinase
2014
Sushi.R | r3Cseq
hydrocephaly | chorioretinitis | intracerebral calcifications | retinochoroiditis | encephalitis
Fewer than 100 | At most several hundred | Approximately 150
yes
Primordial germ cell migration | Glioma stem cells | Stemness | Cell cycle-signaling pathway for maintenance of pluripotency | Endoderm formation | Self-renewal | Maintaining pluripotency
Differentiated cells | Cells undergoing cell differentiation | Cells undergoing embryonic development
Autophagy is a cellular process where intracellular material is degraded within the lysosome or vacuole, and the resulting breakdown products are recycled. It is also described as a process in which vesicles engulf and consume cellular components, acting as a "housekeeping" function by degrading damaged organelles and protein aggregates.
Insufficient evidence in retrieved documents.
Directional mutation pressure introduces mutational biases between alpha-bases (A or T) and gamma-bases (G or C). This pressure is also referred to as AT/GC pressure, indicating the biases occur between A/T and G/C bases.
